Constraint,Percentage
ALLDIFFERENT,72.22222222222221
COUNT,22.22222222222222
SUM,5.555555555555555
