Constraint,Percentage
ALLDIFFERENT,52.307692307692314
COUNT,13.846153846153847
SUM,33.84615384615385
